

DO $$
BEGIN
    IF NOT EXISTS (SELECT 1 FROM information_schema.columns WHERE table_name='routes' AND column_name='first_bus') THEN
        ALTER TABLE public.routes ADD COLUMN first_bus TEXT DEFAULT '05:30';
    END IF;
    IF NOT EXISTS (SELECT 1 FROM information_schema.columns WHERE table_name='routes' AND column_name='last_bus') THEN
        ALTER TABLE public.routes ADD COLUMN last_bus TEXT DEFAULT '21:30';
    END IF;
END $$;

DELETE FROM public.route_stop_sequences WHERE route_variant_id IN (
    SELECT id FROM public.route_variants WHERE route_id IN (
        SELECT id FROM public.routes WHERE route_number IN ('128', '129', '280', '138', '120', '122', '125')
    )
);
DELETE FROM public.route_variants WHERE route_id IN (
    SELECT id FROM public.routes WHERE route_number IN ('128', '129', '280', '138', '120', '122', '125')
);
DELETE FROM public.routes WHERE route_number IN ('128', '129', '280', '138', '120', '122', '125');

INSERT INTO public.stops (id, name, lat, lng) VALUES
('b0128000-0000-0000-0000-000000000001', 'Kottawa Junction',          6.8455, 80.0027),
('b0128000-0000-0000-0000-000000000002', 'Malapalla (Makumbura)',     6.8395, 80.0055),
('b0128000-0000-0000-0000-000000000003', 'Homagama Hospital',         6.8380, 80.0128),
('b0128000-0000-0000-0000-000000000004', 'Homagama Railway Station',  6.8385, 80.0165),
('b0128000-0000-0000-0000-000000000005', 'Homagama Town',             6.8388, 80.0210),
('b0128000-0000-0000-0000-000000000006', 'Diyagama',                  6.8285, 80.0248),
('b0128000-0000-0000-0000-000000000007', 'Kiriwaththuduwa',           6.8180, 80.0385),
('b0128000-0000-0000-0000-000000000008', 'Yakahaluwa',                6.8020, 80.0380),
('b0128000-0000-0000-0000-000000000009', 'Thalagala Junction',        6.7979, 80.0420),
('b0128000-0000-0000-0000-000000000010', 'Uduwana',                   6.8385, 80.0135),
('b0128000-0000-0000-0000-000000000011', 'Hondella',                  6.8360, 80.0155),
('b0128000-0000-0000-0000-000000000012', 'Pinhena',                   6.8250, 80.0250),
('b0128000-0000-0000-0000-000000000013', 'Makumbura',                 6.8405, 79.9805),
('b0128000-0000-0000-0000-000000000014', 'Malapalla',                 6.8430, 79.9950),
('b0128000-0000-0000-0000-000000000015', 'Kottawa Bus Stand',         6.8408, 79.9639),
('b0129000-0000-0000-0000-000000000001', 'Moragahahena Bus Station',  6.8185, 80.0420),
('b0129000-0000-0000-0000-000000000012', 'Moragahahena',              6.8185, 80.0420),
('b0129000-0000-0000-0000-000000000002', 'Moragahahena Junction',     6.8180, 80.0430),
('b0129000-0000-0000-0000-000000000003', 'Moragahahena School',       6.8150, 80.0460),
('b0129000-0000-0000-0000-000000000004', 'Suwapudugama',              6.8080, 80.0480),
('b0129000-0000-0000-0000-000000000005', 'Dakshinarama',              6.8120, 80.0440),
('b0129000-0000-0000-0000-000000000006', 'Delgahakanda Bus Stop',     6.8150, 80.0410),
('b0129000-0000-0000-0000-000000000007', 'Walekade',                  6.8180, 80.0380),
('b0129000-0000-0000-0000-000000000008', 'Ridimudala',                6.8210, 80.0350),
('b0129000-0000-0000-0000-000000000009', 'Kahatagahahalanda 1st Lane',6.8230, 80.0330),
('b0129000-0000-0000-0000-000000000013', 'School Junction',           6.8250, 80.0310),
('b0129000-0000-0000-0000-000000000014', 'Meddekumbura',              6.8260, 80.0300),
('b0129000-0000-0000-0000-000000000015', 'Podi Pansala',              6.8270, 80.0290),
('b0129000-0000-0000-0000-000000000016', 'Halgahadeniya',             6.8280, 80.0280),
('b0129000-0000-0000-0000-000000000017', 'Mayithridasa Mawatha',      6.8290, 80.0270),
('b0129000-0000-0000-0000-000000000018', 'Kiriberiya Kele',           6.8300, 80.0260),
('b0129000-0000-0000-0000-000000000019', '5th Lane',                  6.8310, 80.0250),
('b0129000-0000-0000-0000-000000000020', 'Gabadawatta',               6.8320, 80.0240),
('b0128000-0000-0000-0000-000000000016', 'Pitipana Junction',         6.8270, 80.0295),
('b0129000-0000-0000-0000-000000000021', 'Kendalanda',                6.8350, 80.0210),
('b0129000-0000-0000-0000-000000000022', 'Private Stand Homagama',    6.8370, 80.0220),
('b0129000-0000-0000-0000-000000000023', 'Walawwa Road',              6.8360, 80.0060),
('b0129000-0000-0000-0000-000000000024', 'Galawilawatte',             6.8390, 80.0110),
('b0129000-0000-0000-0000-000000000025', 'Shanthi Mawatha',           6.8400, 80.0090),
('b0129000-0000-0000-0000-000000000026', 'Munchee',                   6.8410, 80.0080),
('b0280000-0000-0000-0000-000000000020', 'Maharagama Bus Stand',      6.8469, 79.9282),
('b0280000-0000-0000-0000-000000000001', 'Nawinna',                   6.8495, 79.9190),
('b0280000-0000-0000-0000-000000000002', 'Wijerama',                  6.8530, 79.9045),
('b0280000-0000-0000-0000-000000000003', 'Delkanda',                  6.8620, 79.8965),
('b0280000-0000-0000-0000-000000000004', 'Pannipitiya',               6.8460, 79.9480),
('b0280000-0000-0000-0000-000000000005', 'Kottawa Bus Stand',         6.8408, 79.9639),
('b0280000-0000-0000-0000-000000000021', 'Pannipitiya North',         6.8510, 79.9516),
('b0280000-0000-0000-0000-000000000022', 'Pinhena Junction',          6.8400, 80.0090),
('b0280000-0000-0000-0000-000000000023', 'Dolekade',                  6.8355, 80.0140),
('b0280000-0000-0000-0000-000000000024', 'Diyagama Junction',         6.8335, 80.0148),
('b0280000-0000-0000-0000-000000000006', 'Diyagama',                  6.8285, 80.0248),
('b0280000-0000-0000-0000-000000000007', 'Miriswatta',                6.8210, 80.0280),
('b0280000-0000-0000-0000-000000000008', 'Kiriwaththuduwa Junction',  6.8062, 80.0354),
('b0280000-0000-0000-0000-000000000009', 'Moragahahena',              6.7853, 80.0563),
('b0280000-0000-0000-0000-000000000010', 'Horana Bus Stand',          6.7158, 80.0631),
('b0280000-0000-0000-0000-000000000011', 'Horana Road Jct',           6.7200, 80.0600),
('b0280000-0000-0000-0000-000000000012', 'Horana Temple',             6.7250, 80.0580),
('b0280000-0000-0000-0000-000000000013', 'Boralugoda',                6.7350, 80.0550),
('b0280000-0000-0000-0000-000000000014', 'Pokunuwita',                6.7450, 80.0520),
('b0280000-0000-0000-0000-000000000015', 'Kumbuka',                   6.7550, 80.0500),
('b0280000-0000-0000-0000-000000000016', 'Puwakpitiya',               6.7650, 80.0480),
('b0280000-0000-0000-0000-000000000017', 'Millewa',                   6.7750, 80.0450),
('b0280000-0000-0000-0000-000000000018', 'Pahala Millewa',            6.7850, 80.0420),
('b0280000-0000-0000-0000-000000000019', 'Olaboduwa',                 6.7950, 80.0380),
('b0280000-0000-0000-0000-000000000025', 'Perengiyawela',             6.7950, 80.0550),
('b0280000-0000-0000-0000-000000000026', 'Horana',                    6.7158, 80.0631)
ON CONFLICT (id) DO UPDATE SET lat = EXCLUDED.lat, lng = EXCLUDED.lng;

INSERT INTO public.routes (id, route_number, name, color_hex, first_bus, last_bus) VALUES
('12800000-0000-0000-0000-000000000000', '128', 'Kottawa – Thalagala via Homagama', '#F97316', '05:30', '21:00'),
('12900000-0000-0000-0000-000000000000', '129', 'Kottawa – Moragahahena via Homagama', '#2563EB', '05:30', '21:30'),
('28000000-0000-0000-0000-000000000000', '280', 'Maharagama – Horana', '#10B981', '05:30', '21:00'),
('13800000-0000-0000-0000-000000000000', '138', 'Kottawa / Homagama / Maharagama – Pettah', '#EF4444', '04:30', '23:30'),
('12000000-0000-0000-0000-000000000000', '120', 'Kesbewa – Pettah', '#8B5CF6', '05:00', '22:00'),
('12200000-0000-0000-0000-000000000000', '122', 'Avissawella – Pettah', '#F59E0B', '04:00', '22:30'),
('12500000-0000-0000-0000-000000000000', '125', 'Padukka – Pettah', '#10B981', '05:00', '21:00');

INSERT INTO public.route_variants (id, route_id, direction, origin_name, destination_name, base_duration_minutes) VALUES
('12800000-0000-0000-0000-000000000001', '12800000-0000-0000-0000-000000000000', 'outbound', 'Kottawa', 'Thalagala', 45),
('12800000-0000-0000-0000-000000000002', '12800000-0000-0000-0000-000000000000', 'inbound',  'Thalagala', 'Kottawa', 45),
('12900000-0000-0000-0000-000000000001', '12900000-0000-0000-0000-000000000000', 'outbound', 'Moragahahena', 'Kottawa', 44),
('12900000-0000-0000-0000-000000000002', '12900000-0000-0000-0000-000000000000', 'inbound',  'Kottawa', 'Moragahahena', 44),
('28000000-0000-0000-0000-000000000001', '28000000-0000-0000-0000-000000000000', 'outbound', 'Maharagama', 'Horana', 75),
('28000000-0000-0000-0000-000000000002', '28000000-0000-0000-0000-000000000000', 'inbound',  'Horana', 'Maharagama', 75),
('13800000-0000-0000-0000-000000000001', '13800000-0000-0000-0000-000000000000', 'outbound', 'Kottawa', 'Pettah', 75),
('13800000-0000-0000-0000-000000000002', '13800000-0000-0000-0000-000000000000', 'inbound',  'Pettah', 'Kottawa', 75),
('13800000-0000-0000-0000-000000000003', '13800000-0000-0000-0000-000000000000', 'outbound', 'Homagama', 'Pettah', 90),
('13800000-0000-0000-0000-000000000004', '13800000-0000-0000-0000-000000000000', 'inbound',  'Pettah', 'Homagama', 90),
('13800000-0000-0000-0000-000000000005', '13800000-0000-0000-0000-000000000000', 'outbound', 'Maharagama', 'Pettah', 60),
('13800000-0000-0000-0000-000000000006', '13800000-0000-0000-0000-000000000000', 'inbound',  'Pettah', 'Maharagama', 60);

INSERT INTO public.route_stop_sequences (route_variant_id, stop_id, sequence_order) VALUES
('12800000-0000-0000-0000-000000000001', 'b0128000-0000-0000-0000-000000000001', 1),
('12800000-0000-0000-0000-000000000001', 'b0128000-0000-0000-0000-000000000002', 2),
('12800000-0000-0000-0000-000000000001', 'b0128000-0000-0000-0000-000000000003', 3);
